,Feature Name,Count,% Miss,Card.,Mode,Mode Freq.,Mode % ,2nd Mode,2nd Mode Freq.,2nd Mode %
0,workclass,30940,0.0,9, Private,21576,0.697349709114415, Self-emp-not-inc,2406,0.0777634130575307
1,education,30940,0.0,16, HS-grad,9976,0.3224305106658048, Some-college,6938,0.224240465416936
2,marital-status,30940,0.0,7, Married-civ-spouse,14201,0.45898513251454426, Never-married,10167,0.3286037491919845
3,occupation,30940,0.0,15, Prof-specialty,3932,0.1270846800258565, Craft-repair,3887,0.12563025210084033
4,race,30940,0.0,5, White,26442,0.8546218487394958, Black,2965,0.09583063994828701
5,sex,30940,0.0,2, Male,20705,0.6691984486102133, Female,10235,0.3308015513897867
6,native-country,30940,0.0,42, United-States,27719,0.8958952811893989, Mexico,607,0.019618616677440207
