,Feature Name,Count,% Miss,Card.,Min,Qrt 1st,Mean,Median,Qrt 3rd,Max,Std
0,age,30940,0.0,72,17,28.0,38.56076276664512,37.0,48.0,90,13.639403068812152
1,fnlwgt,30940,0.0,20880,12285,117849.0,189786.4014221073,178384.0,237318.0,1484705,105406.39438610504
2,education-num,30940,0.0,16,1,9.0,10.08125404007757,10.0,12.0,16,2.569966837023341
3,capital-gain,30940,0.0,119,0,0.0,1081.8129928894634,0.0,0.0,99999,7443.773041288206
4,capital-loss,30940,0.0,91,0,0.0,86.56997414350356,0.0,0.0,4356,401.70602318590477
5,hours-per-week,30940,0.0,93,1,40.0,40.408920491273435,40.0,45.0,99,12.33694497504347
